<scenario>
    <at t="1">
        <shutdown module="host9"/>
        <disconnect src-module="host9" src-gate="ethg[0]" />
    </at>
    
    <at t="3">
        <startup module="host9"/>
        <connect src-module="host9" src-gate="ethg[0]" dest-module="switch3" dest-gate="ethg[5]" channel-type="inet.node.ethernet.Eth1G"/>
    </at>
      <at t="5.5">
        <shutdown module="host9"/>
        <disconnect src-module="host9" src-gate="ethg[0]" />
         <shutdown module="host8"/>
        <disconnect src-module="host8" src-gate="ethg[0]" />
        <shutdown module="host7"/>
        <disconnect src-module="host7" src-gate="ethg[0]" />
    </at>
    
    <at t="6">
        <startup module="host9"/>
        <connect src-module="host9" src-gate="ethg[0]" dest-module="switch3" dest-gate="ethg[5]" channel-type="inet.node.ethernet.Eth1G"/>
    </at>
    
</scenario>
