<scenario>
    <at t="1">
        <shutdown module="AP1"/>
        <disconnect src-module="AP1" src-gate="ethg[0]" />
    </at>
     <at t="1.5">
        <startup module="AP1"/>
        <connect src-module="AP1" src-gate="ethg[0]" dest-module="router" dest-gate="ethg[0]" channel-type="inet.node.ethernet.Eth100M"/>
    </at>
    
     <at t="2">
        <shutdown module="AP1"/>
        <disconnect src-module="AP1" src-gate="ethg[0]" />
    </at>
     <at t="2.5">
        <startup module="AP1"/>
        <connect src-module="AP1" src-gate="ethg[0]" dest-module="router" dest-gate="ethg[0]" channel-type="inet.node.ethernet.Eth100M"/>
    </at>
    
    
 
</scenario>
