﻿Mouser Part Number,Mfr Part Number,Mfr.,Datasheet,Availability,Pricing,RoHS,Lifecycle,Product Detail,Type,Touchscreen Type,Processor Brand,Processor Type,Display Type,Frequency,Maximum RAM Capacity,Installed RAM,Cache Memory,Operating Supply Voltage,Interface Type,Display Resolution - Pixels,Diagonal,Minimum Operating Temperature,Maximum Operating Temperature,Dimensions
923-PPC-3151SW-P65B,PPC-3151SW-P65B,Advantech,https://www.mouser.com/datasheet/2/638/PPC_3151SW_DS_081423_20230816161915-3386688.pdf,1  In Stock,"=""$2,044.87""",RoHS Compliant,New Product,https://www.mouser.com/ProductDetail/Advantech/PPC-3151SW-P65B?qs=ST9lo4GX8V0scYv1FeUp5A%3D%3D&utm_source=mouser-refine-download&utm_medium=file&utm_campaign=PPC-3151SW-P65B&utm_content=Advantech,Industrial Grade,,,,FHD TFT LCD,,,,,,,,,,,
923-TPC-121W-N31YB,TPC-121W-N31YB,Advantech,https://www.mouser.com/datasheet/2/638/TPC_100W_DS_080223_20230802103537-3395607.pdf,1  In Stock,"=""$1,195.00""",RoHS Compliant,New Product,https://www.mouser.com/ProductDetail/Advantech/TPC-121W-N31YB?qs=HoCaDK9Nz5dX2Gx9kVNewg%3D%3D&utm_source=mouser-refine-download&utm_medium=file&utm_campaign=TPC-121W-N31YB&utm_content=Advantech,,Capacitive,NXP,i.MX 8M Mini Quad,TFT LCD,1.6 GHz,,,,24 V,Serial,1920 x 1080,21.5 in,- 20 C,+ 60 C,558.4 mm x 349.8 mm x 52 mm
713-114070201,"=""114070201""",Seeed Studio,https://www.mouser.com/datasheet/2/744/reTerminalDM_datasheet-3193420.pdf,22  In Stock,"=""$409.00""",RoHS Compliant,New Product,https://www.mouser.com/ProductDetail/Seeed-Studio/114070201?qs=ulEaXIWI0c%2FFs%252Boaw31noQ%3D%3D&utm_source=mouser-refine-download&utm_medium=file&utm_campaign=114070201&utm_content=Seeed-Studio,Industrial Grade,Capacitive,Broadcom,BCM2711,,1.5 GHz,,,,12 V to 24 V,,1280 x 800,10.1 in,- 10 C,+ 50 C,259.4 mm x 191 mm x 42.2 mm
215-RT71-FHD,RT71-FHD,Xenarc,https://www.mouser.com/datasheet/2/1106/Xenarc_Technologies_05262023_RT71_FHD-3198102.pdf,1  In Stock,"=""$729.00""",RoHS Compliant,New Product,https://www.mouser.com/ProductDetail/Xenarc/RT71-FHD?qs=ulEaXIWI0c%252BP7UC8Q00BIQ%3D%3D&utm_source=mouser-refine-download&utm_medium=file&utm_campaign=RT71-FHD&utm_content=Xenarc,,,,,,,,,,,,1920 X 1200,7 in,- 20 C,+ 55 C,202 mm x 138 mm x 22 mm
923-USC-130AP-BC106,USC-130AP-BC106,Advantech,,5  In Stock,"=""$561.00""",,New Product,https://www.mouser.com/ProductDetail/Advantech/USC-130AP-BC106?qs=pBJMDPsKWf32fVbitgruOg%3D%3D&utm_source=mouser-refine-download&utm_medium=file&utm_campaign=USC-130AP-BC106&utm_content=Advantech,,,,,,,,,,,,,,,,
713-110070048,"=""110070048""",Seeed Studio,,116  In Stock,"=""$215.00""",,,https://www.mouser.com/ProductDetail/Seeed-Studio/110070048?qs=iLbezkQI%252BsixRbSFzniwng%3D%3D&utm_source=mouser-refine-download&utm_medium=file&utm_campaign=110070048&utm_content=Seeed-Studio,,,Broadcom,BCM2711,,1.5 GHz,32 GB,4 GB,,5 V,,,,,,140 mm x 95 mm x 21 mm
923-WOP-208K-NAE,WOP-208K-NAE,Advantech,https://www.mouser.com/datasheet/2/638/WOP_208K_DS_081021_20210831140813-2899227.pdf,2  In Stock,"=""$728.00""",,,https://www.mouser.com/ProductDetail/Advantech/WOP-208K-NAE?qs=A6eO%252BMLsxmTL7ADo3hOVPQ%3D%3D&utm_source=mouser-refine-download&utm_medium=file&utm_campaign=WOP-208K-NAE&utm_content=Advantech,Operator Panel,Resistive,ARM,RISC,SVGA TFT LCD,,,64 MB,,24 V,"RS-232, RS-422, RS-485, USB",800 x 600,8 in,- 10 C,+ 60 C,233 mm x 176 mm x 43.3 mm
923-WOP-215K-NAE,WOP-215K-NAE,Advantech,https://www.mouser.com/datasheet/2/638/WOP_215K_DS_081021_20210831150316-2899339.pdf,2  In Stock,"=""$1,196.00""",,,https://www.mouser.com/ProductDetail/Advantech/WOP-215K-NAE?qs=A6eO%252BMLsxmRuG3aMyth%252Bsg%3D%3D&utm_source=mouser-refine-download&utm_medium=file&utm_campaign=WOP-215K-NAE&utm_content=Advantech,Operator Panel,Resistive,ARM,RISC,XGA TFT LCD,,,64 MB,,24 V,"RS-232, RS-422, RS-485, USB",1024 x 768,15 in,- 10 C,+ 60 C,399.1 mm x 297.6 mm x 57.3 mm
923-WOP-207K-NAE,WOP-207K-NAE,Advantech,https://www.mouser.com/datasheet/2/638/WOP_207K_DS_081021_20210830143606-2899362.pdf,4  In Stock,"=""$442.00""",,,https://www.mouser.com/ProductDetail/Advantech/WOP-207K-NAE?qs=A6eO%252BMLsxmSXxp0VrAgrPg%3D%3D&utm_source=mouser-refine-download&utm_medium=file&utm_campaign=WOP-207K-NAE&utm_content=Advantech,Operator Panel,Resistive,ARM,RISC,WVGA TFT LCD,,,64 MB,,24 V,"RS-232, RS-422, RS-485, USB",800 x 480,7 in,- 10 C,+ 60 C,189.6 mm x 144.9 mm x 36 mm
244-003002400100,"=""003002400100""",Industrial Shields,https://www.industrialshields.com/attachment/download?attachment_id=292656,4  In Stock,"=""$557.29""",RoHS Compliant,,https://www.mouser.com/ProductDetail/Industrial-Shields/003002400100?qs=vHuUswq2%252BszVjfK1e5OdYA%3D%3D&utm_source=mouser-refine-download&utm_medium=file&utm_campaign=003002400100&utm_content=Industrial-Shields,Industrial Grade,Resistive,,,,1.5 GHz,,,,24 V,SPI,,,0 C,+ 40 C,195 mm x 145 mm x 60.6 mm
923-UTC-315DR-ATB0E,UTC-315DR-ATB0E,Advantech,https://www.mouser.com/datasheet/2/638/UTC-315DEFG_DS(02.15.19)20190215113438-1571116.pdf,2  In Stock,"=""$917.00""",RoHS Compliant,,https://www.mouser.com/ProductDetail/Advantech/UTC-315DR-ATB0E?qs=W38ilblRkRkGkgXVPzkFag%3D%3D&utm_source=mouser-refine-download&utm_medium=file&utm_campaign=UTC-315DR-ATB0E&utm_content=Advantech,,,Intel,Celeron J1900,,2 GHz,4 GB,0 GB,2 MB,12 V to 30 V,,,,0 C,+ 40 C,402 mm x 260 mm x 39.7 mm
923-UTC-310GP-ATB1E,UTC-310GP-ATB1E,Advantech,https://www.mouser.com/datasheet/2/638/UTC-310G_DS(02.15.19)20190215113359-1596441.pdf,4  In Stock,"=""$760.00""",RoHS Compliant,,https://www.mouser.com/ProductDetail/Advantech/UTC-310GP-ATB1E?qs=Zz7%252BYVVL6bEKUuhrN6V4MQ%3D%3D&utm_source=mouser-refine-download&utm_medium=file&utm_campaign=UTC-310GP-ATB1E&utm_content=Advantech,Fanless,Capacitive,Intel,Pentium,TFT LCD,1.1 GHz,8 GB,2 GB,2 MB,12 V to 24 V,"Ethernet, Serial, USB",1280 x 800,10.1 in,0 C,+ 40 C,251 mm x 170 mm x 32.5 mm
651-1050387,"=""1050387""",Phoenix Contact,https://www.phoenixcontact.com/us/products/1050387/pdf,5  In Stock,"=""$396.81""",,,https://www.mouser.com/ProductDetail/Phoenix-Contact/1050387?qs=w%2Fv1CP2dgqqGTqA8iiFMjA%3D%3D&utm_source=mouser-refine-download&utm_medium=file&utm_campaign=1050387&utm_content=Phoenix-Contact,,,,,,,,,,,,,,0 C,+ 50 C,
244-003003000100,"=""003003000100""",Industrial Shields,https://www.mouser.com/datasheet/2/999/Industrial-Shields-1771115.pdf,10  In Stock,"=""$677.57""",RoHS Compliant,,https://www.mouser.com/ProductDetail/Industrial-Shields/003003000100?qs=HBWAp0VN4Rip7nv%252BajB6XQ%3D%3D&utm_source=mouser-refine-download&utm_medium=file&utm_campaign=003003000100&utm_content=Industrial-Shields,,,,,,,,,,,,,,,,
426-DFR0910,DFR0910,DFRobot,,4  In Stock,"=""$1,150.00""",RoHS Compliant By Exemption,,https://www.mouser.com/ProductDetail/DFRobot/DFR0910?qs=Rp5uXu7WBW%252B91jnfA0BCaA%3D%3D&utm_source=mouser-refine-download&utm_medium=file&utm_campaign=DFR0910&utm_content=DFRobot,Industrial Grade,Resistive,,,,,,,,12 V to 24 V,USB,1280 x 720,,0 C,+ 40 C,10.1 in
976-IM-215,IM-215,ADLINK Technology,https://www.mouser.com/datasheet/2/452/20230613_IM_Series-3223777.pdf,5  In Stock,"=""$535.14""",RoHS Compliant By Exemption,New Product,https://www.mouser.com/ProductDetail/ADLINK-Technology/IM-215?qs=By6Nw2ByBD2e0TaEjjtAcQ%3D%3D&utm_source=mouser-refine-download&utm_medium=file&utm_campaign=IM-215&utm_content=ADLINK-Technology,,,,,,,,,,12 V,USB,1920 x 1080,21.5 in,0 C,+ 60 C,640 mm x 480 mm x 160 mm
244-003003000300,"=""003003000300""",Industrial Shields,https://www.mouser.com/datasheet/2/999/Industrial-Shields-1771115.pdf,6  In Stock,"=""$711.76""",RoHS Compliant,,https://www.mouser.com/ProductDetail/Industrial-Shields/003003000300?qs=HBWAp0VN4Rgq2ZXpH4ezjA%3D%3D&utm_source=mouser-refine-download&utm_medium=file&utm_campaign=003003000300&utm_content=Industrial-Shields,,,,,,,,,,,,,,,,
923-USC-160AP-BC106,USC-160AP-BC106,Advantech,,2  In Stock,"=""$600.00""",,New Product,https://www.mouser.com/ProductDetail/Advantech/USC-160AP-BC106?qs=pBJMDPsKWf2QuoFOFDa5ug%3D%3D&utm_source=mouser-refine-download&utm_medium=file&utm_campaign=USC-160AP-BC106&utm_content=Advantech,,,,RK3288,,,,,,,,,,,,
458-10B-BT-J12GR-R11,PPC-F10B-BT-J1/2G/R-R11,IEI,https://www.mouser.com/datasheet/2/763/PPC_F06B_08B_10B_BT_web_20201026-2090168.pdf,1  In Stock,"=""$982.07""",,,https://www.mouser.com/ProductDetail/IEI/PPC-F10B-BT-J1-2G-R-R11?qs=DRkmTr78QAR0Wqc16%252BLSwg%3D%3D&utm_source=mouser-refine-download&utm_medium=file&utm_campaign=PPC-F10B-BT-J1%2F2G%2FR-R11&utm_content=IEI,Fanless Industrial Grade,Resistive,,Celeron,LCD,2 GHz,8 GB,,,9 V to 30 V,"RS-232, USB",800 x 600,10.4 in,- 10 C,+ 50 C,232.4 mm x 285.2 mm x 44 mm
458-AF-W10A-PC2G-R14,AFL3-W10A-BT-J1/PC/2G-R14,IEI,https://www.mouser.com/datasheet/2/763/AFL3_W10A_BT_20220412-3388483.pdf,1  In Stock,"=""$1,072.40""",RoHS Compliant,,https://www.mouser.com/ProductDetail/IEI/AFL3-W10A-BT-J1-PC-2G-R14?qs=DRkmTr78QAQhLbPhyxNRig%3D%3D&utm_source=mouser-refine-download&utm_medium=file&utm_campaign=AFL3-W10A-BT-J1%2FPC%2F2G-R14&utm_content=IEI,Fanless Light Industrial Grade,Capacitive,Intel,Celeron,LCD,2 GHz,8 GB,,,,"RS-232, USB",1280 x 800,10.1 in,- 10 C,+ 50 C,262 mm x 181 mm x 42 mm
923-WOP-204K-NAE,WOP-204K-NAE,Advantech,https://www.mouser.com/datasheet/2/638/WOP_204K_DS_081021_20210830134718-2634369.pdf,8  In Stock,"=""$312.00""",,,https://www.mouser.com/ProductDetail/Advantech/WOP-204K-NAE?qs=A6eO%252BMLsxmQbqt6xqg0MkQ%3D%3D&utm_source=mouser-refine-download&utm_medium=file&utm_campaign=WOP-204K-NAE&utm_content=Advantech,Operator Panel,Resistive,ARM,RISC,WQVGA TFT LCD,,,64 MB,,24 V,"RS-232, RS-422, RS-485, USB",480 x 272,4.3 in,- 10 C,+ 60 C,129 mm x 103 mm x 31.3 mm
923-TPC-71W-N21PA,TPC-71W-N21PA,Advantech,https://www.mouser.com/datasheet/2/638/TPC-71W_DS(06.14.19)20190614135950-1608592.pdf,4  In Stock,"=""$534.74""",,,https://www.mouser.com/ProductDetail/Advantech/TPC-71W-N21PA?qs=PzGy0jfpSMt8AWF4MtZ27Q%3D%3D&utm_source=mouser-refine-download&utm_medium=file&utm_campaign=TPC-71W-N21PA&utm_content=Advantech,Industrial Grade,Capacitive,NXP,i.MX 6,WSVGA TFT LCD,1 GHz,,2 GB,,24 V,"LAN, Serial, USB",1024 x 600,7 in,- 20 C,+ 60 C,205 mm x 146.92 mm x 46 mm
923-UTC-510GP-ATB1E,UTC-510GP-ATB1E,Advantech,https://www.mouser.com/datasheet/2/638/UTC-510DG_DS(02.13.19)20190213151828-1595073.pdf,4  In Stock,"=""$825.00""",RoHS Compliant,,https://www.mouser.com/ProductDetail/Advantech/UTC-510GP-ATB1E?qs=gZXFycFWdAOi16eNqtiu3g%3D%3D&utm_source=mouser-refine-download&utm_medium=file&utm_campaign=UTC-510GP-ATB1E&utm_content=Advantech,Fanless All-in-One,Capacitive,Intel,Pentium,TFT LCD,1.1 GHz,8 GB,2 GB,2 MB,12 V,"Audio, Ethernet, Serial, USB",1280 x 800,10.1 in,0 C,+ 45 C,265.4 mm x 182.4 mm x 39.55 mm
923-UTC-520DP-ATB0E,UTC-520DP-ATB0E,Advantech,,1  In Stock,"=""$1,309.00""",RoHS Compliant,,https://www.mouser.com/ProductDetail/Advantech/UTC-520DP-ATB0E?qs=gZXFycFWdAM2E8HPsFbkWw%3D%3D&utm_source=mouser-refine-download&utm_medium=file&utm_campaign=UTC-520DP-ATB0E&utm_content=Advantech,Fanless All-in-One,Capacitive,Intel,Celeron,TFT LCD,,,4 GB,,,"Audio, HDMI, Serial, USB",1920 x 1080,21.5 in,0 C,+ 40 C,517.64 mm x 313.51 mm x 43.5 mm
923-UTC-W101BF-ABI0E,UTC-W101BF-ABI0E,Advantech,https://www.mouser.com/datasheet/2/638/UTC-W101BF_DS(11.06.15)20151123100233-1568865.pdf,3  In Stock,"=""$1,210.00""",RoHS Compliant,,https://www.mouser.com/ProductDetail/Advantech/UTC-W101BF-ABI0E?qs=CrD54wQY5XA9ikOfH2wLfg%3D%3D&utm_source=mouser-refine-download&utm_medium=file&utm_campaign=UTC-W101BF-ABI0E&utm_content=Advantech,,,,,,,4 GB,0 GB,,12 V to 19 V,,,,0 C,+ 40 C,258 mm x 199 mm x 38.3 mm
