{
  "topologyInfo": {
    "node1": {
      "type": "bus",
      "WiredConnections": {
        "node2": {"length": 10, "rate": 100}
      }
    },
    "node2": {
      "type": "tsnsw",
      "WiredConnections": {
        "node1": {"length": 10, "rate": 100},
        "node3": {"length": 15, "rate": 150}
      }
    },
    "node3": {
      "type": "ap",
      "WiredConnections": {
        "node2": {"length": 15, "rate": 150}
      },
      "WirelessConnections": {
        "node4": {
          "bitrate": "2Mbps",
          "radioTransPower": "2mW",
          "radioTransCenterFrequency": "60GHz",
          "radioReSensitivity": "-85dBm"
        },
        "node5": {
          "bitrate": "2Mbps",
          "radioTransPower": "2mW",
          "radioTransCenterFrequency": "60GHz",
          "radioReSensitivity": "-85dBm"
        }
      }
    },
    "node4": {
      "type": "wirelessnode",
      "WirelessConnections": {
        "node3": {
          "bitrate": "2Mbps",
          "radioTransPower": "2mW",
          "radioTransCenterFrequency": "60GHz",
          "radioReSensitivity": "-85dBm"
        }
      }
    },
    "node5": {
      "type": "gatewayTSNBus",
      "WiredConnections": {
        "node6": {"length": 20, "rate": 200}
      }
    },
    "node6": {
      "type": "gatewayTSNWireless",
      "WiredConnections": {
        "node5": {"length": 20, "rate": 200}
      },
      "WirelessConnections": {
        "node7": {
          "bitrate": "2Mbps",
          "radioTransPower": "2mW",
          "radioTransCenterFrequency": "60GHz",
          "radioReSensitivity": "-85dBm"
        }
      }
    }
  },
  "flowSpec": [
    {
      "sourceName": "type:string, explanation:Name of the source Node",
      "destinationName": "type:string, explanation:Name of the destination Node",
      "sourceIP": "type:string, explanation:IP of the source Node",
      "destinationIP": "type:string, explanation:IP of the destination Node",
      "sourceMAC": "type:string, explanation:MAC of the source Node",
      "destinationMAC": "type:string, explanation:MAC of the destination Node",
      "packetSize": "type:string, explanation:Size of the packets in bytes",
      "latencyRequirement": "type:string, explanation:Required latency for the flow in milliseconds",
      "priority": "type:string, explanation:Priority of the flow"
    }
  ]
}


以下内容为简单解析：
连接类型说明：

WiredConnections：这部分展示了节点与其他节点之间的有线连接情况。每个连接包含两个参数：
length：表示连接的长度。
rate：表示连接的速率。
WirelessConnections：这部分描述了无线节点与其他无线节点之间的连接情况，每个连接包含以下参数：
bitrate：无线连接的比特率，例如 "2Mbps"。
radioTransPower：无线发射器的功率，例如 "2mW"。
radioTransCenterFrequency：无线发射器的中心频率，例如 "60GHz"。
radioReSensitivity：无线接收器的灵敏度，例如 "-85dBm"。
节点类型特点：
一共具有bus，tsnsw，gatewayTSNBus，gatewayTSNWireless，ap，wirelessnode六种节点类型，
bus、tsnsw、gatewayTSNBus 类型的节点只包含有线连接。
wirelessnode 类型的节点仅包含无线连接。
ap 和 gatewayTSNWireless 类型的节点包含有线和无线两种连接类型。