{
  "topologyInfo": {
    "node1": {
      "type": "bus",
      "WiredConnections": {
        "node2": {"length": 10, "rate": 100}
      }
    },
    "node2": {
      "type": "tsnsw",
      "WiredConnections": {
        "node1": {"length": 10, "rate": 100},
        "node3": {"length": 15, "rate": 150}
      }
    },
    "node3": {
      "type": "ap",
      "WiredConnections": {
        "node2": {"length": 15, "rate": 150}
      },
      "WirelessConnections": {
        "node4": {
          "bitrate": "2Mbps",
          "radioTransPower": "2mW",
          "radioTransCenterFrequency": "60GHz",
          "radioReSensitivity": "-85dBm"
        },
        "node5": {
          "bitrate": "2Mbps",
          "radioTransPower": "2mW",
          "radioTransCenterFrequency": "60GHz",
          "radioReSensitivity": "-85dBm"
        }
      }
    },
    "node4": {
      "type": "wirelessnode",
      "WirelessConnections": {
        "node3": {
          "bitrate": "2Mbps",
          "radioTransPower": "2mW",
          "radioTransCenterFrequency": "60GHz",
          "radioReSensitivity": "-85dBm"
        }
      }
    },
    "node5": {
      "type": "gatewayTSNBus",
      "WiredConnections": {
        "node6": {"length": 20, "rate": 200}
      }
    },
    "node6": {
      "type": "gatewayTSNWireless",
      "WiredConnections": {
        "node5": {"length": 20, "rate": 200}
      },
      "WirelessConnections": {
        "node7": {
          "bitrate": "2Mbps",
          "radioTransPower": "2mW",
          "radioTransCenterFrequency": "60GHz",
          "radioReSensitivity": "-85dBm"
        }
      }
    }
  },
  "flowSpec": [
    {
      "sourceName": "type:string, explanation:Name of the source Node",
      "destinationName": "type:string, explanation:Name of the destination Node",
      "sourceIP": "type:string, explanation:IP of the source Node",
      "destinationIP": "type:string, explanation:IP of the destination Node",
      "sourceMAC": "type:string, explanation:MAC of the source Node",
      "destinationMAC": "type:string, explanation:MAC of the destination Node",
      "packetSize": "type:string, explanation:Size of the packets in bytes",
      "latencyRequirement": "type:string, explanation:Required latency for the flow in milliseconds",
      "priority": "type:string, explanation:Priority of the flow"
    }
  ],
  "flowPath": [
    {
      "flowName": "Flow1",
      "source": "Source node name",
      "destination": "Destination node name",
      "path": ["Node 1", "Node 2", "Node 3"]
    },
    {
      "flowId": "Flow2",
      "source": "Source node name",
      "destination": "Destination node name",
      "path": ["Node A", "Node B", "Node C"]
    }
  ],
  "TSNSchedules": [
    {
      "SwName": "SW1",
      "SwIfName": "swp0",
      "GCLs": [
        {
          "entryID": 1,
          "gateState": "8bit gatestate",
          "interval": "1ms"
        },
        {
          "entryID": 2,
          "gateState": "8bit gatestate",
          "interval": "1ms"
        }
      ]
    }
  ]
}


